section,sort_order,title,institution,loc,start,end,description_1,description_2,description_3,description_4
experience,1,Contract Specialist,NAVSUP WSS,,May 2026,Present,Conduct market research and prepare solicitations to support procurement requirements.,Review vendor proposals and pricing to support contract evaluations and acquisition decisions.,Prepare contract modifications and coordinate with vendors to address requirements and support contract administration.,
experience,2,Signals Intelligence Analyst,United States Marine Corps,"Oceanside, CA",Feb 2024,Feb 2026,Analyzed signals intelligence to inform mission-critical decisions by senior leaders.,Produced executive reports and presentations that translated raw intelligence into actionable findings.,"Completed a six-month deployment to Toowoomba, Australia, collaborating with the Australian Defence Force's Signals Intelligence Regiment.","Led and mentored a team of 5+ Marines, improving performance scores and maintaining 100% compliance with operational standards."
experience,3,Cryptologic Language Analyst,United States Marine Corps,"Oceanside, CA",Sep 2021,Feb 2024,"Completed intensive Persian-Farsi training at the Defense Language Institute, developing proficiency in reading, listening, and interpreting modern dialects.",Analyzed and translated foreign-language communications into concise intelligence reports.,"Identified patterns, assessed significance, and briefed analytical findings to supervisors.","Worked with international defense partners and non-native English speakers, strengthening cross-cultural communication."
education,1,M.S. in Program Evaluation and Data Analytics,Arizona State University,,,Expected 2027,Currently enrolled.,,,
education,2,B.S. in Economics,Arizona State University,,,,Completed undergraduate degree.,,,
education,3,A.A. in Persian-Farsi,Defense Language Institute,"Monterey, CA",,,Completed associate degree alongside intensive language training.,,,
development,1,Google Data Analytics Certificate coursework,Google,,,In progress,Enrolled in certificate coursework to develop data analytics knowledge.,,,
capabilities,1,Data analysis and reporting,,,,,"Tools: SQL, Python, Excel, and Smartsheet.","Experience interpreting data, recognizing patterns, and presenting findings for leadership decisions.",,
capabilities,2,Acquisition support,,,,,"Market research, solicitation preparation, proposal and pricing reviews, contract modifications, and vendor coordination.",,,
capabilities,3,Leadership and communication,,,,,"Team training and mentorship, executive presentations, intelligence reporting, and collaboration with international defense partners.",,,
